member_casual,count,mean,median,min,max
casual,235846,19.686148780277524,11.805408333333332,1.0001666666666666,1438.6871666666666
member,399516,12.43471149532601,8.865025,1.0003166666666667,1439.4580333333333
